PositionX,PositionY,PositionZ
-1.265358,1.281781,2.43705
-1.276356,1.274644,2.436474
-1.289059,1.2657,2.436279
-1.308659,1.264391,2.443016
-1.328327,1.266352,2.448833
-1.343994,1.261538,2.451294
-1.353973,1.258031,2.451843
-1.364891,1.256106,2.452419
-1.378181,1.251889,2.449226
-1.386051,1.246608,2.447292
-1.394684,1.24814,2.451302
-1.403183,1.256553,2.456684
-1.411713,1.260647,2.451572
-1.422676,1.253778,2.436378
-1.440392,1.258846,2.427761
-1.454815,1.265066,2.422215
-1.465153,1.268146,2.417633
-1.473843,1.272732,2.411522
-1.48811,1.272067,2.406963
-1.501617,1.271016,2.408161
-1.511917,1.271732,2.411648
-1.525101,1.274509,2.415276
-1.543995,1.273015,2.418034
-1.555275,1.272242,2.418774
-1.56324,1.278901,2.413773
-1.567375,1.267964,2.411949
-1.58313,1.263414,2.418602
-1.595104,1.266519,2.422115
-1.605602,1.265897,2.419716
-1.613342,1.262156,2.417965
-1.621281,1.255951,2.420216
-1.630455,1.255079,2.416546
-1.636612,1.251077,2.413704
-1.638546,1.250277,2.411465
-1.643448,1.248649,2.407574
-1.648567,1.246001,2.399498
-1.652077,1.241157,2.392296
-1.65316,1.232166,2.385761
-1.656605,1.2331,2.385609
-1.657833,1.232697,2.377808
-1.658966,1.232806,2.369076
-1.658928,1.226131,2.35973
-1.657215,1.219154,2.35862
-1.659821,1.221783,2.355579
-1.662727,1.228382,2.353771
-1.664219,1.237694,2.348072
-1.664684,1.241116,2.338833
-1.662155,1.239316,2.325695
-1.661938,1.228982,2.315689
-1.663376,1.244237,2.313862
-1.661346,1.247683,2.2953
-1.658005,1.250963,2.276649
-1.648338,1.243255,2.260754
-1.641594,1.248544,2.25919
-1.63884,1.262554,2.247967
-1.632137,1.267575,2.226154
-1.620632,1.259945,2.203297
-1.609093,1.259345,2.188961
-1.595173,1.261928,2.169704
-1.569332,1.267737,2.144806
-1.563744,1.287572,2.110062
-1.529881,1.290293,2.084774
-1.513748,1.290849,2.065716
-1.496468,1.290507,2.043812
-1.480236,1.283832,2.025906
-1.469692,1.27845,2.016556
-1.455082,1.268148,2.003845
-1.442661,1.262868,1.989346
-1.435406,1.263783,1.979168
-1.434647,1.267217,1.971603
-1.435024,1.26853,1.958946
-1.439407,1.269233,1.946835
-1.449139,1.274956,1.933075
-1.456261,1.27669,1.926037
-1.462814,1.278131,1.920719
-1.468079,1.278444,1.919617
-1.47607,1.283149,1.911476
-1.485474,1.289862,1.901466
-1.500431,1.2981,1.897102
-1.508507,1.30356,1.890762
-1.516403,1.314353,1.882122
-1.527134,1.315033,1.876156
-1.534241,1.31925,1.869503
-1.54361,1.314607,1.862186
-1.562946,1.310909,1.856449
-1.583256,1.315372,1.845505
-1.589706,1.315689,1.841484
-1.596783,1.315825,1.837612
-1.605221,1.325052,1.82333
-1.611897,1.325567,1.817905
-1.614361,1.322421,1.812702
-1.618191,1.32191,1.805676
-1.627422,1.32213,1.798405
-1.641933,1.317899,1.789063
-1.650387,1.317026,1.785664
-1.658916,1.317376,1.781361
-1.665855,1.31872,1.7743
-1.67646,1.317105,1.766117
-1.682323,1.318278,1.756161
-1.694233,1.320546,1.749249
-1.700466,1.324594,1.74157
-1.707764,1.322422,1.732201
-1.712883,1.319394,1.721294
-1.719334,1.318943,1.710064
-1.727142,1.318252,1.687878
-1.729088,1.314587,1.677345
-1.729008,1.311446,1.666405
-1.73016,1.308281,1.659969
-1.732712,1.305773,1.649418
-1.733192,1.305043,1.638687
-1.731697,1.305503,1.629894
-1.730995,1.307556,1.621124
-1.731098,1.309734,1.611866
-1.733139,1.306207,1.602467
-1.7337,1.301044,1.596481
-1.737255,1.297847,1.590218
-1.744888,1.299936,1.579605
-1.746147,1.303408,1.568432
-1.747761,1.307107,1.555313
-1.749401,1.310258,1.543835
-1.752483,1.314379,1.531509
-1.75148,1.317307,1.518021
-1.750397,1.32025,1.506126
-1.748055,1.321536,1.496777
-1.744881,1.319098,1.485981
-1.742908,1.313768,1.475002
-1.740505,1.308844,1.467247
-1.742954,1.30809,1.457203
-1.744583,1.312955,1.441532
-1.746147,1.315073,1.434586
-1.748413,1.316708,1.427971
-1.752659,1.31925,1.419056
-1.757336,1.323119,1.409325
-1.761604,1.323035,1.399708
-1.765289,1.320535,1.388775
-1.772972,1.320027,1.381596
-1.78384,1.319457,1.37077
-1.789463,1.319378,1.364426
-1.795208,1.319407,1.357708
-1.80452,1.31864,1.342712
-1.809124,1.31829,1.33482
-1.81612,1.317923,1.317684
-1.83139,1.322674,1.305965
-1.848827,1.327877,1.29285
-1.855087,1.328038,1.284782
-1.863476,1.328143,1.277512
-1.878731,1.321427,1.274231
-1.886677,1.320336,1.267757
-1.894173,1.318926,1.261711
-1.908791,1.315744,1.254311
-1.923656,1.311634,1.244587
-1.930286,1.309675,1.239422
-1.936729,1.307596,1.233433
-1.941956,1.305739,1.227695
-1.947556,1.303491,1.221596
-1.951736,1.301496,1.21595
-1.955345,1.299543,1.209686
-1.958786,1.297544,1.203953
-1.963596,1.295276,1.199306
-1.969227,1.292436,1.195778
-1.974663,1.290215,1.189861
-1.990707,1.308503,1.147259
-1.994621,1.312244,1.137138
-1.996483,1.316164,1.129501
-1.993008,1.311645,1.121792
-1.994556,1.312281,1.124508
-1.993393,1.313492,1.122055
-1.987328,1.308795,1.114868
-1.985645,1.296442,1.108212
-1.984837,1.292809,1.106155
-1.99004,1.309097,1.101654
-1.9827,1.32379,1.087349
-1.97023,1.316179,1.070427
-1.961838,1.290339,1.059921
-1.955673,1.297839,1.051182
-1.948895,1.30537,1.042568
-1.938625,1.302913,1.043797
-1.931847,1.298759,1.045139
-1.924923,1.296017,1.042622
-1.918606,1.290587,1.03714
-1.916298,1.294147,1.03289
-1.916275,1.308483,1.023232
-1.911266,1.320732,1.012451
-1.901352,1.327763,1.002254
-1.891258,1.318438,0.9821968
-1.891102,1.320715,0.9730339
-1.89233,1.323898,0.963192
-1.89201,1.324189,0.9523087
-1.891689,1.317698,0.9456215
-1.89518,1.310722,0.9379921
-1.905502,1.316723,0.9156265
-1.909176,1.3206,0.9041252
-1.912563,1.324725,0.8917274
-1.910339,1.319852,0.880867
-1.91251,1.312489,0.8660698
-1.916088,1.31046,0.848526
-1.916969,1.318261,0.8373413
-1.915398,1.325298,0.8263855
-1.912163,1.316704,0.8119545
-1.904091,1.311443,0.8028259
-1.912212,1.3169,0.7958069
-1.906113,1.328332,0.7797089
-1.898701,1.328795,0.7670403
-1.895809,1.327556,0.7566414
-1.895641,1.326533,0.7505836
-1.894943,1.321934,0.744175
-1.895554,1.320139,0.7363434
-1.894104,1.32672,0.7189598
-1.891754,1.318792,0.7143059
-1.889629,1.311774,0.7102509
-1.889389,1.308048,0.7010117
-1.887928,1.310856,0.6904564
-1.885738,1.312449,0.6822128
-1.883926,1.306717,0.6812248
-1.879501,1.302226,0.6764412
-1.876366,1.299657,0.6656914
-1.872673,1.300956,0.6563263
-1.870319,1.3036,0.6484184
-1.868904,1.308822,0.6411858
-1.859249,1.312186,0.6300049
-1.854511,1.310022,0.6283302
-1.850445,1.308003,0.6250839
-1.848476,1.308281,0.623394
-1.844624,1.306314,0.6206741
-1.839245,1.308936,0.6175728
-1.834057,1.314295,0.6097107
-1.8237,1.314024,0.599659
-1.815037,1.307016,0.591671
-1.814236,1.302517,0.5847893
-1.812481,1.310036,0.5754662
-1.809685,1.32106,0.5657845
-1.778282,1.310674,0.5559464
-1.770313,1.294634,0.5592232
-1.747093,1.309736,0.5516052
-1.728695,1.301435,0.5527611
-1.712666,1.293769,0.5536919
-1.702213,1.29989,0.5458603
-1.696011,1.321606,0.537468
-1.680683,1.327459,0.5303078
-1.653023,1.325624,0.5369186
-1.637474,1.326148,0.540947
-1.61124,1.325467,0.549881
-1.599636,1.324483,0.5527687
-1.590969,1.323837,0.5546799
-1.58112,1.331826,0.5536423
-1.567871,1.33446,0.5553398
-1.550728,1.333488,0.5579376
-1.526867,1.332077,0.5638504
-1.510773,1.330386,0.5639114
-1.498005,1.330914,0.5635757
-1.487011,1.336168,0.5661087
-1.454666,1.338984,0.5772324
-1.44458,1.334644,0.5840263
-1.436008,1.330492,0.5898132
-1.429504,1.328988,0.5921745
-1.421494,1.329577,0.5908966
-1.413952,1.335835,0.5874863
-1.405605,1.34049,0.5832558
-1.397213,1.346396,0.5807381
-1.393974,1.349195,0.5789604
-1.389526,1.352773,0.5772705
-1.382355,1.353106,0.5740738
-1.373184,1.351967,0.5701599
-1.370235,1.353513,0.564537
-1.367241,1.355348,0.5576019
-1.364323,1.357949,0.5498123
-1.360756,1.358404,0.5426064
-1.358711,1.356702,0.5382576
-1.355888,1.354536,0.5342026
-1.352406,1.356013,0.5306816
-1.347038,1.356652,0.5266037
-1.345913,1.356258,0.5196571
-1.343536,1.357263,0.5149841
-1.342159,1.356714,0.5011711
-1.343185,1.357354,0.4921799
-1.343204,1.357366,0.4853363
-1.336834,1.358307,0.4808273
-1.336723,1.358517,0.4713516
-1.340263,1.357572,0.4581337
-1.342697,1.354557,0.4478111
-1.345154,1.351624,0.4309731
-1.347603,1.350968,0.4207001
-1.347919,1.350501,0.4112434
-1.348633,1.350299,0.401619
-1.354385,1.351956,0.3765869
-1.355938,1.35363,0.3645935
-1.355377,1.355457,0.3543892
-1.346848,1.377531,0.3416061
-1.348442,1.375163,0.3286285
-1.352886,1.371499,0.3153915
-1.358723,1.371998,0.3015213
-1.364143,1.375019,0.2874184
-1.365597,1.376774,0.2753258
-1.368832,1.374243,0.2629967
-1.373173,1.37236,0.2519569
-1.378529,1.373173,0.2384796
-1.385269,1.376191,0.2121696
-1.386444,1.373593,0.2015076
-1.38607,1.370695,0.1923103
-1.390945,1.365181,0.1811142
-1.396164,1.365039,0.1701622
-1.401993,1.366797,0.1590118
-1.403946,1.368752,0.1495438
-1.406136,1.36675,0.1386375
-1.40657,1.364825,0.1283722
-1.413559,1.363262,0.1200409
-1.419128,1.36029,0.1154823
-1.418648,1.352474,0.1034012
-1.415943,1.355311,0.09667587
-1.411987,1.357868,0.08994675
-1.405136,1.356074,0.08711624
-1.398396,1.352539,0.08512878
-1.393661,1.348724,0.07864761
-1.391834,1.360209,0.07104492
-1.382721,1.369143,0.0656662
-1.371117,1.361,0.06465912
-1.364937,1.347056,0.06470871
-1.366997,1.336866,0.05591202
-1.370068,1.359534,0.0423584
-1.34803,1.363933,0.0316391
-1.350643,1.346588,0.02886581
-1.353237,1.327868,0.02652359
-1.35289,1.344005,0.01638031
-1.347942,1.354455,0.007385254
-1.338867,1.357001,0.007110596
-1.33461,1.348027,0.009147644
-1.330044,1.339698,0.006122589
-1.324841,1.337012,0.001773834
-1.320618,1.335779,-0.002098083
-1.316643,1.334497,-0.003311157
-1.308674,1.330246,-0.00775528
-1.298237,1.330299,-0.01552582
-1.287674,1.3297,-0.01808548
-1.276348,1.329367,-0.01971817
-1.266262,1.320981,-0.01932907
-1.259766,1.315907,-0.02248764
-1.256264,1.328793,-0.02828217
-1.242321,1.349626,-0.02883911
-1.221203,1.358768,-0.02922058
-1.205338,1.352482,-0.02764893
-1.195187,1.341405,-0.02442932
-1.189903,1.345991,-0.02945328
-1.164444,1.355157,-0.02368927
-1.16095,1.343188,-0.0158577
-1.15704,1.330606,-0.009616852
-1.150208,1.337853,-0.01108932
-1.142689,1.346074,-0.01167297
-1.134106,1.352404,-0.01298523
-1.122822,1.354932,-0.01125717
-1.116089,1.357629,-0.014534
-1.104546,1.358417,-0.01955795
-1.092621,1.355742,-0.02213669
-1.08746,1.351758,-0.02581024
-1.08123,1.351028,-0.02809525
-1.07225,1.353986,-0.0343895
-1.06749,1.354979,-0.03679276
-1.064228,1.35772,-0.03971481
-1.059967,1.362729,-0.04380417
-1.054703,1.362739,-0.04895401
-1.047607,1.360589,-0.05485153
-1.043743,1.356932,-0.06228256
-1.042564,1.351353,-0.07094193
-1.03772,1.347914,-0.07928085
-1.037586,1.350255,-0.09549332
-1.036095,1.353049,-0.1059265
-1.03413,1.353502,-0.1141014
-1.02747,1.352669,-0.1263008
-1.022167,1.346949,-0.1292152
-1.018764,1.342404,-0.1290665
-1.015667,1.335542,-0.1276474
-1.012711,1.330395,-0.1281929
-1.009209,1.328113,-0.1265259
-1.004723,1.325247,-0.121479
-1.00367,1.320607,-0.1173058
-1.005947,1.321166,-0.1095657
-1.008007,1.324766,-0.1019707
-1.005066,1.324238,-0.09588623
-1.002647,1.324252,-0.08864975
-0.9986649,1.335023,-0.07569885
-1.003281,1.335206,-0.06238556
-1.007637,1.33507,-0.0519104
-1.013802,1.336326,-0.04328918
-1.020531,1.337958,-0.03157425
-1.026981,1.339187,-0.02114868
-1.032555,1.340723,-0.008529663
-1.034271,1.34166,0.005607605
-1.036385,1.346188,0.01786041
-1.036713,1.350552,0.02894211
-1.038025,1.348899,0.04658508
-1.046185,1.350608,0.0765152
-1.045261,1.357565,0.09102631
-1.044254,1.36222,0.1019592
-1.039864,1.358428,0.1186333
-1.039825,1.35797,0.1300926
-1.04248,1.365789,0.1383629
-1.039902,1.370875,0.149025
-1.039116,1.367879,0.1614227
-1.042004,1.365351,0.167942
-1.044971,1.365971,0.1724892
-1.046894,1.368013,0.1745529
-1.048489,1.367782,0.1779556
-1.06472,1.367791,0.182518
-1.071144,1.369158,0.1829071
-1.079708,1.371382,0.1815758
-1.087006,1.371169,0.1766472
-1.096382,1.368067,0.1732521
-1.10593,1.365402,0.1703568
-1.116547,1.362941,0.1661682
-1.125397,1.360735,0.1621323
-1.140419,1.35773,0.1449394
-1.149223,1.352424,0.1355858
-1.163563,1.34728,0.125267
-1.197803,1.344892,0.1091537
-1.208298,1.339153,0.1064415
-1.221207,1.330672,0.1066742
-1.239082,1.318711,0.1049118
-1.256603,1.31603,0.1020432
-1.270893,1.316633,0.09881592
-1.283813,1.320168,0.09719086
-1.291023,1.317918,0.09805679
-1.298206,1.315669,0.1020241
-1.308983,1.314518,0.1024742
-1.313457,1.310345,0.1065941
-1.322929,1.307828,0.1098785
-1.330387,1.303061,0.1135445
-1.336384,1.300898,0.1177711
-1.341885,1.299857,0.1229858
-1.34903,1.299522,0.1290817
-1.347637,1.336809,0.1347427
-1.360783,1.325912,0.1429405
-1.372097,1.322943,0.1484261
-1.379757,1.325662,0.1536407
-1.388702,1.325103,0.1658134
-1.396339,1.321578,0.1761246
-1.401318,1.325673,0.1845589
-1.403591,1.330983,0.1930618
-1.398182,1.334126,0.2031288
-1.394188,1.32316,0.2295303
-1.394482,1.323418,0.2422218
-1.394012,1.32373,0.2556992
-1.388344,1.318798,0.2723846
-1.384041,1.309069,0.2921486
-1.384769,1.307068,0.3036537
-1.387634,1.315462,0.3132324
-1.385338,1.324481,0.3261375
-1.381023,1.324948,0.340519
-1.377686,1.317493,0.3584137
-1.378792,1.310438,0.3727531
-1.374676,1.313239,0.3929443
-1.369381,1.313952,0.406311
-1.365295,1.314471,0.4190407
-1.36235,1.317939,0.4302063
-1.357777,1.322774,0.4413261
-1.349289,1.321945,0.4594498
-1.344826,1.31554,0.4773216
-1.335453,1.312842,0.4989586
-1.329437,1.309342,0.5152206
-1.326702,1.309166,0.5331078
-1.31712,1.304892,0.5628662
-1.300873,1.300728,0.6030617
-1.292561,1.297631,0.6254997
-1.287327,1.299829,0.643959
-1.280899,1.305075,0.667511
-1.26881,1.305335,0.6918945
-1.254333,1.310224,0.7107468
-1.243389,1.304049,0.7242279
-1.237057,1.298615,0.7442703
-1.23893,1.298494,0.7614746
-1.248169,1.303878,0.7748375
-1.254528,1.299757,0.7900352
-1.262253,1.301318,0.7987595
-1.261963,1.30688,0.8050537
-1.263317,1.312127,0.8115463
-1.263226,1.314126,0.8165131
-1.265759,1.320684,0.8289032
-1.268261,1.32895,0.8385887
-1.267841,1.332249,0.8424988
-1.267746,1.335661,0.8466377
-1.269619,1.338156,0.8485069
-1.275532,1.348475,0.8557816
-1.276028,1.349429,0.8601761
-1.276936,1.350373,0.8646431
-1.281151,1.350739,0.867321
-1.285736,1.350917,0.871933
-1.287598,1.35068,0.8781509
-1.291401,1.350277,0.8853073
-1.295277,1.34974,0.8895874
-1.297413,1.349792,0.8940392
-1.30254,1.349841,0.8995361
-1.309254,1.34924,0.9049187
-1.316715,1.346837,0.9108963
-1.329834,1.34145,0.9210243
-1.336079,1.339586,0.9237556
-1.342503,1.336816,0.9281158
-1.348576,1.334436,0.9305344
-1.358582,1.333688,0.9314537
-1.368767,1.336137,0.9243393
-1.383751,1.337582,0.9294777
-1.396927,1.33258,0.9224167
-1.410351,1.335827,0.9180374
-1.422672,1.342559,0.9144516
-1.4342,1.345395,0.9126015
-1.444752,1.346269,0.915287
-1.473499,1.344313,0.9076462
-1.486996,1.342248,0.9064484
-1.500275,1.342141,0.905159
-1.509941,1.340684,0.9011116
-1.517075,1.341088,0.9011421
-1.532578,1.334826,0.8992271
-1.544834,1.332275,0.8949928
-1.55698,1.331386,0.8874245
-1.568611,1.326718,0.8809967
-1.580067,1.326056,0.8768768
-1.59201,1.325533,0.8708649
-1.609852,1.325968,0.8615875
-1.621944,1.324948,0.8560905
-1.631424,1.322612,0.8526268
-1.642284,1.318521,0.8458366
-1.65107,1.318582,0.8381691
-1.661201,1.317883,0.8311844
-1.669823,1.320379,0.8271446
-1.687096,1.325738,0.8156967
-1.697277,1.329926,0.8079834
-1.70816,1.331514,0.8015022
-1.724033,1.332705,0.7912865
-1.747482,1.336117,0.77108
-1.754166,1.334714,0.7628059
-1.759518,1.33277,0.7561035
-1.769604,1.334322,0.7491302
-1.776749,1.33456,0.7420311
-1.786102,1.331107,0.734272
-1.795216,1.326327,0.7237244
-1.805077,1.322109,0.7117729
-1.816471,1.319737,0.7053986
-1.827244,1.315577,0.6973495
-1.832764,1.309012,0.6918983
-1.841129,1.298726,0.6873016
-1.85844,1.297029,0.6777153
-1.862106,1.294036,0.6776848
-1.865047,1.28906,0.6805534
-1.867847,1.283461,0.6837425
-1.87196,1.278847,0.6846008
-1.875252,1.276682,0.6853867
-1.874313,1.265206,0.6866112
-1.877132,1.263823,0.6865959
-1.88129,1.27444,0.6787415
-1.877087,1.28982,0.6738205
-1.871109,1.293678,0.6724129
-1.86763,1.290721,0.6819763
-1.868843,1.277482,0.6888885
-1.867413,1.278149,0.692543
-1.864948,1.278669,0.6965179
-1.861656,1.278165,0.6985245
-1.858036,1.276991,0.7009773
-1.8545,1.276092,0.7034187
-1.869709,1.275451,0.7357559
-1.869385,1.277829,0.7395134
-1.865898,1.282084,0.7459869
-1.860168,1.280849,0.7507133
-1.855179,1.277037,0.758007
-1.853161,1.266282,0.7753067
-1.849182,1.26745,0.7822189
-1.846382,1.268106,0.7880363
-1.842201,1.268505,0.7956467
-1.837864,1.269076,0.80336
-1.832428,1.271131,0.8138695
-1.826382,1.281528,0.8442688
-1.81789,1.282514,0.8576164
-1.807693,1.28115,0.8786774
-1.805351,1.280917,0.8906288
-1.800262,1.287257,0.8992462
-1.794388,1.296056,0.9096298
-1.768467,1.2917,0.9559708
-1.761917,1.290634,0.9733696
-1.759682,1.288214,0.9863014
-1.75317,1.28797,1.001694
-1.746082,1.288357,1.019047
-1.741028,1.302631,1.03141
-1.738014,1.29826,1.050423
-1.734447,1.299495,1.06752
-1.729786,1.306854,1.078964
-1.723404,1.316017,1.08902
-1.714733,1.322332,1.104061
-1.707195,1.321688,1.11972
-1.691933,1.312093,1.156113
-1.685249,1.314142,1.170593
-1.681168,1.315947,1.181232
-1.673454,1.317578,1.194283
-1.66967,1.319516,1.210857
-1.669689,1.319959,1.221043
-1.668804,1.323091,1.234032
-1.666286,1.325194,1.244873
-1.662636,1.327067,1.2547
-1.662426,1.327748,1.264084
-1.661243,1.327376,1.27356
-1.661892,1.327945,1.281754
-1.661293,1.327975,1.284889
-1.661644,1.32785,1.287487
-1.668034,1.33014,1.282688
-1.672016,1.335293,1.282253
-1.67519,1.337258,1.281197
-1.679108,1.337939,1.279339
-1.685219,1.335292,1.276691
-1.691959,1.334173,1.275349
-1.700893,1.331609,1.269989
-1.710621,1.33379,1.266216
-1.72271,1.332646,1.261669
-1.742805,1.330145,1.253613
-1.755619,1.329415,1.249119
-1.769173,1.32748,1.245785
-1.783665,1.324488,1.237804
-1.791485,1.325847,1.238468
-1.809067,1.322202,1.22794
-1.823616,1.321676,1.224297
-1.837418,1.319535,1.220554
-1.848381,1.317481,1.214344
-1.860695,1.315141,1.210484
-1.8657,1.312086,1.211597
-1.882854,1.3034,1.20731
-1.892735,1.302896,1.203163
-1.902828,1.303573,1.201042
-1.912308,1.30774,1.197426
-1.915695,1.30886,1.195316
-1.92075,1.30442,1.195648
-1.927799,1.299706,1.194164
-1.93446,1.298497,1.19648
-1.939571,1.295536,1.199184
-1.941948,1.288898,1.20607
-1.945171,1.282063,1.209488
-1.94915,1.279468,1.212849
-1.953384,1.277184,1.216892
-1.956497,1.278782,1.218475
-1.958904,1.282031,1.22047
-1.957458,1.28503,1.22208
-1.956337,1.287412,1.22604
-1.957695,1.289536,1.23188
-1.958122,1.291272,1.23756
-1.95882,1.293153,1.245411
-1.959377,1.290873,1.258179
-1.958855,1.290934,1.265858
-1.958851,1.292813,1.277962
-1.957455,1.297132,1.303612
-1.956776,1.297533,1.312973
-1.956264,1.297653,1.32159
-1.954365,1.299289,1.3312
-1.952339,1.299409,1.335953
-1.950146,1.303252,1.342804
-1.946621,1.304877,1.349571
-1.944313,1.304056,1.355995
-1.940411,1.30463,1.361988
-1.93821,1.307096,1.365734
-1.934147,1.30716,1.369465
-1.929653,1.304503,1.383114
-1.928638,1.304267,1.388184
-1.92841,1.304515,1.393101
-1.929253,1.304532,1.397007
-1.929672,1.302955,1.398174
-1.931984,1.300939,1.400158
-1.934101,1.300315,1.398052
-1.938503,1.299918,1.394131
-1.94138,1.300816,1.392643
-1.947975,1.300391,1.387642
-1.956329,1.301107,1.381454
-1.959526,1.301003,1.377125
-1.978802,1.298615,1.366165
-1.982552,1.297164,1.365276
-1.98399,1.296073,1.367374
-1.987537,1.291439,1.383919
-1.986897,1.287539,1.389164
-1.987366,1.285426,1.391422
-1.983097,1.286635,1.392666
-1.979095,1.292539,1.393417
-1.975155,1.296141,1.394787
-1.968151,1.29791,1.398903
-1.962833,1.29775,1.403408
-1.958862,1.294802,1.408096
-1.957581,1.295038,1.4062
-1.956734,1.295432,1.404202
-1.954624,1.29368,1.407307
-1.95649,1.294442,1.412403
-1.957909,1.296106,1.414639
-1.957767,1.29729,1.419266
-1.956444,1.298806,1.422691
-1.955746,1.301263,1.426105
-1.959469,1.310575,1.433804
-1.957153,1.321171,1.441109
-1.94981,1.327559,1.452724
-1.937027,1.330447,1.48064
-1.922909,1.339202,1.50095
-1.910999,1.343286,1.511711
-1.903595,1.343081,1.525406
-1.896019,1.345524,1.53931
-1.886227,1.347557,1.552959
-1.867233,1.350256,1.570938
-1.858013,1.348852,1.583073
-1.849442,1.353957,1.592686
-1.840683,1.365123,1.592632
-1.841747,1.371755,1.580437
-1.818485,1.351775,1.609303
-1.769794,1.336674,1.655155
-1.755161,1.341814,1.67104
-1.732346,1.348691,1.695549
-1.704193,1.345788,1.730598
-1.691422,1.346391,1.744099
-1.681274,1.346222,1.753563
-1.666119,1.345963,1.765678
-1.651741,1.345477,1.782391
-1.641449,1.336413,1.803501
-1.625408,1.340952,1.814964
-1.60054,1.361613,1.820782
-1.60054,1.361613,1.820782
-1.60054,1.361613,1.820782
-1.60054,1.361613,1.820782
-1.60054,1.361613,1.820782
-1.60054,1.361613,1.820782
-1.60054,1.361613,1.820782
-1.60054,1.361613,1.820782
-1.60054,1.361613,1.820782
-1.60054,1.361613,1.820782
-1.60054,1.361613,1.820782
-1.60054,1.361613,1.820782
-1.60054,1.361613,1.820782
-1.60054,1.361613,1.820782
-1.60054,1.361613,1.820782
-1.60054,1.361613,1.820782
-1.60054,1.361613,1.820782
-1.60054,1.361613,1.820782
-1.60054,1.361613,1.820782
-1.60054,1.361613,1.820782
-1.60054,1.361613,1.820782
-1.60054,1.361613,1.820782
-1.707703,1.318414,1.90728
-1.716145,1.310901,1.912178
-1.727409,1.304443,1.907986
-1.738174,1.30692,1.904377
-1.768177,1.308216,1.900505
-1.791416,1.296762,1.90168
-1.806355,1.2965,1.89576
-1.818989,1.297893,1.890736
-1.833168,1.299225,1.883766
-1.863121,1.30236,1.877636
-1.888794,1.312439,1.868221
-1.901134,1.311874,1.870598
-1.913811,1.310684,1.872166
-1.927521,1.31057,1.872395
-1.939701,1.312167,1.872086
-1.95155,1.312523,1.873493
-1.960835,1.309354,1.873314
-1.973419,1.304584,1.876846
-1.985882,1.301391,1.877193
-2.00259,1.300841,1.875465
-2.01289,1.298639,1.874519
-2.03183,1.285815,1.876293
-2.044407,1.281931,1.878292
-2.051811,1.279648,1.880043
-2.05571,1.278013,1.88348
-2.060871,1.274042,1.886414
-2.063313,1.268851,1.890011
-2.067238,1.265998,1.892345
-2.069275,1.258015,1.895737
-2.075272,1.257067,1.906296
-2.073616,1.259373,1.911304
-2.074833,1.256828,1.91618
-2.076481,1.258204,1.92326
-2.077164,1.264646,1.927734
-2.07349,1.265426,1.929844
-2.070778,1.26581,1.932308
-2.070824,1.263566,1.934723
-2.068886,1.263616,1.934856
-2.068401,1.262182,1.936626
-2.062805,1.259936,1.941879
-2.058289,1.25452,1.944145
-2.055782,1.251373,1.946194
-2.051064,1.252142,1.951889
-2.052567,1.256647,1.958691
-2.046467,1.258459,1.96471
-2.037376,1.253843,1.972698
-2.030323,1.255516,1.979012
-2.025406,1.253149,1.979038
-2.020515,1.250935,1.97905
-2.015812,1.248492,1.979473
-2.011272,1.248534,1.980927
-2.0093,1.249505,1.97974
-2.005077,1.251741,1.980865
-2.001778,1.253896,1.98008
-1.998158,1.256667,1.980087
-1.99218,1.257076,1.980698
-1.98719,1.257755,1.983356
-1.983372,1.260212,1.98632
-1.978935,1.262959,1.990425
-1.975178,1.262987,1.994167
-1.971973,1.261074,1.997952
-1.971458,1.262022,2.001583
-1.97369,1.267414,2.003948
-1.974033,1.27652,2.00367
-1.971718,1.280355,2.005962
-1.967419,1.277555,2.011631
-1.964394,1.270076,2.016777
-1.961964,1.266562,2.022289
-1.957851,1.266293,2.029076
-1.953674,1.266051,2.032425
-1.948654,1.265049,2.035992
-1.946091,1.264124,2.035889
-1.943478,1.268352,2.033165
-1.937244,1.276645,2.032497
-1.922428,1.283466,2.037056
-1.909184,1.287373,2.048218
-1.906338,1.289472,2.053753
-1.906116,1.291316,2.055058
-1.903931,1.292967,2.057365
-1.902458,1.29197,2.057137
-1.904789,1.297714,2.059441
-1.903442,1.307697,2.060513
-1.896893,1.31493,2.060131
-1.884014,1.316768,2.058285
-1.873646,1.315012,2.056526
-1.866486,1.318631,2.056652
-1.859756,1.326419,2.055653
-1.831867,1.333879,2.059307
-1.815815,1.333591,2.06031
-1.792187,1.344176,2.054508
-1.781624,1.345754,2.055145
-1.774483,1.347058,2.055477
-1.765316,1.348715,2.058067
-1.751961,1.350735,2.060173
-1.751961,1.350735,2.060173
-1.761932,1.333567,2.068966
-1.749271,1.328766,2.071136
-1.748257,1.333635,2.068806
-1.754868,1.335093,2.059738
-1.766071,1.34324,2.065491
-1.775631,1.341807,2.07312
-1.783501,1.340244,2.071224
-1.790436,1.340294,2.069965
-1.793114,1.33947,2.069714
-1.796314,1.333762,2.068569
-1.801411,1.327664,2.06884
-1.805801,1.322603,2.070152
-1.806225,1.317474,2.069904
-1.817131,1.311011,2.07531
-1.823067,1.314506,2.080563
-1.827991,1.31802,2.085323
-1.827446,1.318645,2.091824
-1.831059,1.315032,2.0966
-1.831497,1.312218,2.100555
-1.834419,1.305419,2.101616
-1.837196,1.301311,2.101208
-1.840191,1.299546,2.100693
-1.843502,1.29825,2.101036
-1.845726,1.296081,2.100441
-1.851791,1.285033,2.10247
-1.857349,1.281838,2.10495
-1.862999,1.279871,2.107338
-1.869091,1.279966,2.111198
-1.876915,1.277423,2.116035
-1.88736,1.273934,2.121029
-1.897034,1.270629,2.126392
-1.906334,1.266479,2.130371
-1.915741,1.263198,2.133636
-1.930298,1.259866,2.139111
-1.941792,1.25903,2.143433
-1.953484,1.25689,2.148048
-1.978676,1.24558,2.159828
-1.987392,1.241076,2.165134
-1.996819,1.235706,2.170719
-2.007637,1.231462,2.172619
-2.018669,1.230557,2.174984
-2.029518,1.232657,2.177921
-2.039227,1.232823,2.179501
-2.049629,1.226701,2.181286
-2.057354,1.21998,2.18438
-2.067833,1.21351,2.186501
-2.079395,1.210063,2.189209
-2.102074,1.212587,2.195557
-2.103138,1.200496,2.201374
-2.100842,1.187864,2.206654
-2.106655,1.182073,2.208347
-2.112206,1.190045,2.201763
-2.109493,1.195293,2.191788
-2.1049,1.187548,2.191307
-2.099148,1.173013,2.197006
-2.100636,1.161091,2.205734
-2.111523,1.166892,2.202557
-2.118977,1.183418,2.191292
-2.106327,1.17994,2.17873
-2.112419,1.17955,2.177937
-2.118015,1.179932,2.177067
-2.120865,1.191535,2.169437
-2.1199,1.198168,2.165577
-2.117966,1.203985,2.163822
-2.1189,1.212435,2.159847
-2.114502,1.221997,2.156479
-2.10585,1.227925,2.154819
-2.098259,1.233173,2.157795
-2.088829,1.240574,2.155148
-2.058807,1.240115,2.150967
-2.050358,1.240623,2.152626
-2.035336,1.244512,2.154362
-2.017712,1.252666,2.151463
-1.9921,1.254283,2.147362
-1.971771,1.251506,2.146275
-1.956585,1.257317,2.143311
-1.947281,1.269088,2.135941
-1.926994,1.279209,2.129044
-1.898529,1.277467,2.128403
-1.878872,1.269067,2.128887
-1.86676,1.268444,2.128311
-1.836948,1.282153,2.124283
-1.815876,1.284158,2.128357
-1.802658,1.285058,2.133656
-1.785374,1.288632,2.133595
-1.768356,1.291722,2.132236
-1.752987,1.293251,2.133606
-1.745125,1.297647,2.135902
-1.740616,1.302782,2.13567
-1.727951,1.309479,2.130539
-1.718937,1.314648,2.131081
-1.712719,1.317404,2.132229
-1.708046,1.32096,2.132484
-1.695709,1.32457,2.131207
-1.690815,1.324448,2.133099
-1.687183,1.324404,2.135418
-1.684441,1.325259,2.136631
-1.684196,1.328418,2.138554
-1.682652,1.330998,2.13903
-1.683403,1.33244,2.140083
-1.683662,1.332295,2.142044
-1.684189,1.331039,2.143536
-1.684929,1.32969,2.143642
-1.687645,1.326242,2.145157
-1.689484,1.320931,2.148602
-1.694466,1.312565,2.15263
-1.697979,1.308984,2.154789
-1.701027,1.306129,2.157013
-1.703407,1.304585,2.158108
-1.706272,1.302694,2.159962
-1.711277,1.300612,2.16283
-1.715179,1.299693,2.163712
-1.720768,1.298606,2.165108
-1.724804,1.297438,2.166611
-1.731941,1.295101,2.168808
-1.738396,1.294641,2.171745
-1.742065,1.293982,2.172558
-1.751213,1.290757,2.173519
-1.756783,1.290572,2.174446
-1.762627,1.290825,2.175739
-1.768276,1.29178,2.177242
-1.772339,1.290943,2.178177
-1.777744,1.289254,2.180649
-1.781994,1.288548,2.183357
-1.788048,1.286216,2.185707
-1.789814,1.286837,2.187466
-1.795441,1.283594,2.189175
-1.797401,1.283208,2.192188
-1.807255,1.282601,2.197502
-1.816803,1.284178,2.2043
-1.825058,1.28366,2.211395
-1.832607,1.282434,2.219913
-1.839237,1.27984,2.225632
-1.843651,1.274578,2.231834
-1.847702,1.264271,2.238533
-1.855164,1.253083,2.243301
-1.861015,1.243322,2.250473
-1.865139,1.236763,2.257126
-1.875278,1.23093,2.261856
-1.884235,1.234102,2.266476
-1.887115,1.244841,2.276836
-1.886059,1.244576,2.278057
-1.883316,1.247186,2.280815
-1.881886,1.250316,2.281025
-1.881886,1.250316,2.281025
-1.881886,1.250316,2.281025
-1.881886,1.250316,2.281025
-1.881886,1.250316,2.281025
-1.881886,1.250316,2.281025
-1.881886,1.250316,2.281025
-1.881886,1.250316,2.281025
-1.881886,1.250316,2.281025
-1.881886,1.250316,2.281025
-1.881886,1.250316,2.281025
-1.881886,1.250316,2.281025
-1.881886,1.250316,2.281025
-1.881886,1.250316,2.281025
-1.881886,1.250316,2.281025
-1.881886,1.250316,2.281025
-1.881886,1.250316,2.281025
-1.881886,1.250316,2.281025
-1.881886,1.250316,2.281025
-1.881886,1.250316,2.281025
-1.881886,1.250316,2.281025
-1.528744,1.274992,2.304607
-1.526459,1.281778,2.305199
-1.525784,1.294104,2.31361
-1.527168,1.292889,2.320972
-1.548508,1.285463,2.328835
-1.561199,1.289027,2.335342
-1.568932,1.290421,2.338669
-1.579098,1.288055,2.342903
-1.589958,1.284905,2.349037
-1.601067,1.276805,2.357933
-1.601067,1.276805,2.357933
-1.601067,1.276805,2.357933
-1.601067,1.276805,2.357933
-1.601067,1.276805,2.357933
-1.601067,1.276805,2.357933
-1.601067,1.276805,2.357933
-1.601067,1.276805,2.357933
-1.601067,1.276805,2.357933
-1.601067,1.276805,2.357933
-1.601067,1.276805,2.357933
-1.601067,1.276805,2.357933
-1.601067,1.276805,2.357933
-1.601067,1.276805,2.357933
-1.601067,1.276805,2.357933
-1.601067,1.276805,2.357933
-1.601067,1.276805,2.357933
-1.601067,1.276805,2.357933
-1.601067,1.276805,2.357933
-1.601067,1.276805,2.357933
-1.601067,1.276805,2.357933
-1.601067,1.276805,2.357933
-1.601067,1.276805,2.357933
-1.601067,1.276805,2.357933
-1.601067,1.276805,2.357933
-1.601067,1.276805,2.357933
-1.601067,1.276805,2.357933
-1.601067,1.276805,2.357933
-1.601067,1.276805,2.357933
-1.601067,1.276805,2.357933
-1.601067,1.276805,2.357933
-1.601067,1.276805,2.357933
-1.601067,1.276805,2.357933
-1.601067,1.276805,2.357933
-1.601067,1.276805,2.357933
-1.601067,1.276805,2.357933
-1.601067,1.276805,2.357933
-1.601067,1.276805,2.357933
-1.601067,1.276805,2.357933
-1.601067,1.276805,2.357933
-1.601067,1.276805,2.357933
-1.601067,1.276805,2.357933
-1.601067,1.276805,2.357933
-1.601067,1.276805,2.357933
-1.601067,1.276805,2.357933
-1.601067,1.276805,2.357933
-1.601067,1.276805,2.357933
-1.601067,1.276805,2.357933
-1.601067,1.276805,2.357933
-1.601067,1.276805,2.357933
-1.601067,1.276805,2.357933
-1.601067,1.276805,2.357933
-1.601067,1.276805,2.357933
-1.601067,1.276805,2.357933
-1.601067,1.276805,2.357933
-1.601067,1.276805,2.357933
-1.601067,1.276805,2.357933
-1.601067,1.276805,2.357933
-1.601067,1.276805,2.357933
-1.601067,1.276805,2.357933
-1.601067,1.276805,2.357933
-1.601067,1.276805,2.357933
-1.601067,1.276805,2.357933
-1.601067,1.276805,2.357933
-1.601067,1.276805,2.357933
-1.601067,1.276805,2.357933
-1.601067,1.276805,2.357933
-1.601067,1.276805,2.357933
-1.601067,1.276805,2.357933
-1.601067,1.276805,2.357933
-1.601067,1.276805,2.357933
-1.601067,1.276805,2.357933
-1.601067,1.276805,2.357933
-1.601067,1.276805,2.357933
-1.601067,1.276805,2.357933
-1.601067,1.276805,2.357933
-1.601067,1.276805,2.357933
-1.601067,1.276805,2.357933
-1.601067,1.276805,2.357933
-1.601067,1.276805,2.357933
-1.601067,1.276805,2.357933
-1.601067,1.276805,2.357933
-1.601067,1.276805,2.357933
-1.601067,1.276805,2.357933
-1.601067,1.276805,2.357933
-1.601067,1.276805,2.357933
-1.601067,1.276805,2.357933
-1.601067,1.276805,2.357933
-1.601067,1.276805,2.357933
-1.601067,1.276805,2.357933
-1.601067,1.276805,2.357933
-1.601067,1.276805,2.357933
-1.601067,1.276805,2.357933
-1.601067,1.276805,2.357933
-1.601067,1.276805,2.357933
-1.601067,1.276805,2.357933
-1.601067,1.276805,2.357933
-1.601067,1.276805,2.357933
-1.601067,1.276805,2.357933
-1.601067,1.276805,2.357933
-1.601067,1.276805,2.357933
-1.601067,1.276805,2.357933
-1.601067,1.276805,2.357933
-1.601067,1.276805,2.357933
-1.601067,1.276805,2.357933
-1.601067,1.276805,2.357933
-1.601067,1.276805,2.357933
-1.601067,1.276805,2.357933
-1.601067,1.276805,2.357933
-1.601067,1.276805,2.357933
-1.601067,1.276805,2.357933
-1.601067,1.276805,2.357933
-1.601067,1.276805,2.357933
-1.601067,1.276805,2.357933
-1.601067,1.276805,2.357933
-1.601067,1.276805,2.357933
-1.601067,1.276805,2.357933
-1.601067,1.276805,2.357933
-1.601067,1.276805,2.357933
-1.601067,1.276805,2.357933
-1.601067,1.276805,2.357933
-1.601067,1.276805,2.357933
-1.601067,1.276805,2.357933
-1.601067,1.276805,2.357933
-1.601067,1.276805,2.357933
-1.601067,1.276805,2.357933
-1.601067,1.276805,2.357933
-1.601067,1.276805,2.357933
-1.601067,1.276805,2.357933
-1.601067,1.276805,2.357933
-1.601067,1.276805,2.357933
-1.601067,1.276805,2.357933
-1.601067,1.276805,2.357933
-1.601067,1.276805,2.357933
-1.601067,1.276805,2.357933
-1.601067,1.276805,2.357933
-1.601067,1.276805,2.357933
-1.601067,1.276805,2.357933
-1.601067,1.276805,2.357933
-0.8037491,1.249642,1.792812
-0.7923203,1.252532,1.779701
-0.7855301,1.254253,1.769527
-0.7779388,1.26019,1.760914
-0.7628288,1.26608,1.746609
-0.744133,1.273316,1.72747
-0.7303925,1.281038,1.708637
-0.7145271,1.286751,1.682613
-0.7001228,1.295474,1.660435
-0.6843109,1.30569,1.641315
-0.6739349,1.307719,1.631042
-0.6641922,1.309838,1.619621
-0.6593475,1.310727,1.60965
-0.6548309,1.3112,1.602932
-0.6507187,1.308559,1.592159
-0.6430168,1.30783,1.584846
-0.6372261,1.303502,1.57481
-0.6325912,1.302208,1.570129
-0.6330376,1.298652,1.563248
-0.6320572,1.29793,1.560703
-0.62957,1.293419,1.56081
-0.6237259,1.2839,1.553722
-0.6208534,1.27925,1.552738
-0.6179733,1.275748,1.551762
-0.613327,1.275867,1.548027
-0.6052246,1.276331,1.539063
-0.5974274,1.272365,1.527729
-0.5892067,1.277727,1.526077
-0.588665,1.280643,1.513287
-0.5815735,1.287768,1.507462
-0.5764351,1.290609,1.505054
-0.5712776,1.293514,1.498383
-0.5685654,1.29723,1.487965
-0.5672722,1.301049,1.484409
-0.5654373,1.303471,1.482468
-0.5629883,1.301546,1.475979
-0.5594215,1.300696,1.469822
-0.557785,1.302754,1.460754
-0.5592918,1.306015,1.450336
-0.558239,1.309347,1.44701
-0.5546837,1.308423,1.442604
-0.5500412,1.306583,1.436852
-0.5445557,1.305991,1.430672
-0.5394897,1.307382,1.422897
-0.534832,1.308716,1.414806
-0.531971,1.308316,1.411152
-0.5298233,1.308669,1.408375
-0.5247002,1.306498,1.400238
-0.5199852,1.307303,1.392334
-0.5166359,1.310005,1.385189
-0.5115204,1.312383,1.377846
-0.5090637,1.315448,1.372547
-0.503746,1.314524,1.364014
-0.4981918,1.314689,1.357071
-0.4950066,1.314808,1.349228
-0.4922218,1.315601,1.33979
-0.4871063,1.316481,1.330074
-0.4815865,1.317116,1.317997
-0.4770508,1.318274,1.309395
-0.4708138,1.319286,1.300041
-0.4669685,1.31654,1.28928
-0.4611244,1.309636,1.277885
-0.4572029,1.306939,1.267624
-0.4541512,1.307043,1.255791
-0.448822,1.306879,1.244194
-0.4451561,1.307337,1.230289
-0.4390221,1.305001,1.215099
-0.4354134,1.306278,1.205009
-0.4312248,1.30666,1.191681
-0.4266777,1.310517,1.179741
-0.4250755,1.310966,1.166775
-0.4216232,1.307505,1.155006
-0.4198456,1.305476,1.14806
-0.4170303,1.299966,1.135517
-0.4156227,1.29655,1.131104
-0.411377,1.28784,1.123291
-0.4044647,1.281892,1.113823
-0.4009857,1.278911,1.105732
-0.3950844,1.278219,1.092617
-0.38908,1.27728,1.07621
-0.3845139,1.276087,1.062176
-0.3830185,1.276492,1.045486
-0.3828239,1.277649,1.004627
-0.3840828,1.274383,0.9882317
-0.3840828,1.274383,0.9882317
-0.3840828,1.274383,0.9882317
-0.3840828,1.274383,0.9882317
-0.3840828,1.274383,0.9882317
-0.3840828,1.274383,0.9882317
-0.3840828,1.274383,0.9882317
-0.3840828,1.274383,0.9882317
-0.3840828,1.274383,0.9882317
-0.3840828,1.274383,0.9882317
-0.3840828,1.274383,0.9882317
-0.3840828,1.274383,0.9882317
-0.3840828,1.274383,0.9882317
-0.3840828,1.274383,0.9882317
-0.3840828,1.274383,0.9882317
-0.3840828,1.274383,0.9882317
-0.3840828,1.274383,0.9882317
-0.3840828,1.274383,0.9882317
-0.3840828,1.274383,0.9882317
-0.3840828,1.274383,0.9882317
-0.3840828,1.274383,0.9882317
-0.3840828,1.274383,0.9882317
-0.3840828,1.274383,0.9882317
-0.3840828,1.274383,0.9882317
-0.3840828,1.274383,0.9882317
-0.3840828,1.274383,0.9882317
-0.3840828,1.274383,0.9882317
-0.3840828,1.274383,0.9882317
-0.3840828,1.274383,0.9882317
-0.3840828,1.274383,0.9882317
-0.3840828,1.274383,0.9882317
-0.3840828,1.274383,0.9882317
-0.3840828,1.274383,0.9882317
-0.3840828,1.274383,0.9882317
-0.3840828,1.274383,0.9882317
-0.3840828,1.274383,0.9882317
-0.3840828,1.274383,0.9882317
-0.3840828,1.274383,0.9882317
-0.3840828,1.274383,0.9882317
-0.3840828,1.274383,0.9882317
-0.3840828,1.274383,0.9882317
-0.3840828,1.274383,0.9882317
-0.3840828,1.274383,0.9882317
-0.3840828,1.274383,0.9882317
-0.3840828,1.274383,0.9882317
-0.3840828,1.274383,0.9882317
-0.3840828,1.274383,0.9882317
-0.3840828,1.274383,0.9882317
-0.3840828,1.274383,0.9882317
-0.3840828,1.274383,0.9882317
-0.3840828,1.274383,0.9882317
-0.3840828,1.274383,0.9882317
-0.3840828,1.274383,0.9882317
-0.3840828,1.274383,0.9882317
-0.3108177,1.367283,0.818306
-0.301693,1.362198,0.8163376
-0.2961922,1.36173,0.8150406
-0.2907562,1.365196,0.815979
-0.2860756,1.366553,0.8179741
-0.2706108,1.362011,0.8192787
-0.2618103,1.357918,0.8119926
-0.2656288,1.357407,0.8051414
-0.2635803,1.357086,0.7999496
-0.2610397,1.357276,0.793045
-0.2558861,1.356344,0.7880173
-0.2519455,1.355132,0.7853241
-0.2423134,1.351501,0.7726326
-0.2356873,1.351286,0.7587814
-0.224968,1.354303,0.7428436
-0.2221947,1.35282,0.7318382
-0.2192612,1.348986,0.7215691
-0.2124901,1.348966,0.7129288
-0.2030983,1.346651,0.7065849
-0.196228,1.342723,0.6980515
-0.18573,1.337523,0.6862297
-0.1814003,1.334985,0.6785431
-0.1702118,1.331464,0.6690941
-0.1608696,1.329513,0.6615028
-0.1510696,1.33126,0.6547508
-0.1411343,1.332782,0.6438446
-0.1302853,1.331171,0.6355286
-0.1245708,1.334231,0.625267
-0.1158009,1.342688,0.6148033
-0.10466,1.345079,0.5943146
-0.1019726,1.348931,0.5974617
-0.09047699,1.34477,0.5773048
-0.07493782,1.351413,0.5591393
-0.05911446,1.353738,0.5556679
-0.041399,1.351002,0.539463
-0.01226234,1.346828,0.5282326
0.000980377,1.339675,0.5202827
0.01675987,1.331731,0.5131378
0.02023888,1.321234,0.5069885
0.02319717,1.307973,0.4929619
0.02490425,1.297972,0.4860229
0.02518463,1.288926,0.4762077
0.02174759,1.287325,0.4694328
0.0213604,1.285682,0.4583855
0.01948929,1.284711,0.4515686
0.01708031,1.282705,0.447361
0.01581764,1.283495,0.4374084
0.01779747,1.279998,0.4348602
0.02100182,1.276905,0.4312782
0.03377533,1.273875,0.4239693
0.03520393,1.27259,0.4152145
0.03602791,1.271634,0.4031334
0.04739952,1.276942,0.3962936
0.06322098,1.278934,0.3916397
0.06833267,1.280505,0.3815804
0.07145882,1.279621,0.3720551
0.08290291,1.2831,0.3602524
0.08843803,1.280384,0.3553085
0.09367752,1.276863,0.3499794
0.09716606,1.274533,0.3449097
0.09851074,1.271315,0.3381119
0.1031952,1.270382,0.3320351
0.108448,1.270394,0.3251801
0.1096478,1.268511,0.3164673
0.1096935,1.26729,0.3065567
0.1078281,1.268402,0.2922401
0.1066723,1.268574,0.2843285
0.1047096,1.266384,0.2746506
0.1195412,1.268485,0.2575035
0.122242,1.267356,0.2471733
0.1238194,1.265321,0.2357025
0.1211033,1.263532,0.2251625
0.1186256,1.264423,0.2127953
0.1201839,1.267655,0.1987
0.1171913,1.275112,0.1839485
0.1171417,1.277298,0.1683311
0.1151447,1.276944,0.1610756
0.1171074,1.271306,0.1521454
0.1244183,1.272667,0.1403427
0.1244335,1.275131,0.1335983
0.1125031,1.265823,0.1252403
0.1091671,1.255731,0.1217155
0.1058254,1.246408,0.1173668
0.106739,1.248828,0.1090584
0.1118736,1.251812,0.1063347
0.112421,1.252634,0.1029854
0.1079388,1.246807,0.1047211
0.1058254,1.238057,0.1027298
0.1071548,1.238232,0.1003036
0.1131382,1.240994,0.1004715
0.1148605,1.241101,0.1060829
0.1147652,1.235819,0.1061516
0.1127834,1.246698,0.1063957
0.1128559,1.250517,0.1109428
0.1117306,1.253235,0.1152229
0.1108704,1.253415,0.1213722
0.1088963,1.253856,0.1238022
0.1070786,1.257155,0.1256638
0.1059647,1.259801,0.1296082
0.1099319,1.260803,0.1379776
0.1078491,1.259787,0.142643
0.1089249,1.259508,0.1474953
0.1058807,1.261291,0.1563721
0.108202,1.263075,0.160778
0.1079369,1.272073,0.1761017
0.1065521,1.276556,0.1833496
0.1045055,1.280963,0.1924324
0.1019783,1.285378,0.2030487
0.09872627,1.287965,0.2151833
0.09760857,1.295751,0.2248306
0.09858513,1.302176,0.2318497
0.0931263,1.314204,0.2433281
0.08976364,1.333178,0.2492409
0.08544159,1.357899,0.2556496
0.08297729,1.36434,0.269516
0.08130264,1.36662,0.2789383
0.07978249,1.368621,0.2985725
0.07686806,1.36797,0.3074684
0.07108498,1.370851,0.3202591
0.06947899,1.370543,0.3264503
0.06943512,1.363993,0.3266144
0.07010841,1.363091,0.3246384
0.07172394,1.364295,0.3204727
0.07856941,1.375851,0.306572
0.08350372,1.380541,0.2973747
0.09012604,1.385141,0.284584
0.09549904,1.387817,0.274128
0.1033974,1.391265,0.2586441
0.1138268,1.393964,0.2451096
0.1247616,1.395494,0.2315559
0.1315441,1.393008,0.2205582
0.1377563,1.38909,0.2082672
0.1439095,1.383671,0.1934586
0.1518269,1.379057,0.1705818
0.1579762,1.376425,0.1561661
0.167635,1.371612,0.1268921
0.1745911,1.360739,0.0997467
0.178545,1.352885,0.0878334
0.1820145,1.341566,0.07652283
0.1860886,1.333765,0.06555176
0.1909904,1.327546,0.05239868
0.1943493,1.325261,0.04384232
0.1977081,1.323565,0.03491592
0.1997433,1.321692,0.02454376
0.2023315,1.317234,0.01458359
0.2038002,1.312422,0.002437592
0.2073822,1.305099,-0.01567459
0.2122879,1.299422,-0.03035355
0.2183304,1.292332,-0.03815842
0.2240925,1.286119,-0.04441071
0.2271881,1.281839,-0.05425644
0.229147,1.277081,-0.06562042
0.2316875,1.277254,-0.0717926
0.2363567,1.279278,-0.07940292
0.240202,1.282576,-0.08456802
0.2429123,1.28276,-0.08697891
0.2449284,1.279984,-0.09459305
0.2448521,1.27702,-0.09924698
0.2472763,1.275322,-0.1066093
0.2488289,1.275368,-0.1130028
0.2479076,1.273914,-0.1132278
0.2475243,1.271436,-0.1194572
0.2486801,1.266558,-0.1302643
0.2515221,1.262442,-0.1428185
0.2548428,1.262985,-0.1554413
0.259882,1.264996,-0.1679611
0.2613602,1.25728,-0.1775284
0.2620163,1.247765,-0.1849174
0.2669716,1.240507,-0.1963272
0.2671108,1.237699,-0.2076035
0.2711926,1.238502,-0.2204628
0.2822437,1.242412,-0.2414665
0.2875137,1.238468,-0.2510071
0.292551,1.234496,-0.2602272
0.3013668,1.240128,-0.2744446
0.3116951,1.25216,-0.2883873
0.3190651,1.262535,-0.2962456
0.3214264,1.260105,-0.3004303
0.3298798,1.252631,-0.3125114
0.3357449,1.24509,-0.3244934
0.3382416,1.240169,-0.3335724
0.3410034,1.240149,-0.3423996
0.3427429,1.242818,-0.3579788
0.3404255,1.240388,-0.3609695
0.3385448,1.238179,-0.364048
0.342104,1.235716,-0.367321
0.3418102,1.23739,-0.3660316
0.3431854,1.235946,-0.3660469
0.3382397,1.22592,-0.3603745
0.337944,1.220175,-0.3570442
0.3471222,1.22236,-0.3600883
0.3489151,1.227635,-0.3552589
0.3492203,1.226178,-0.3520508
0.3477917,1.220189,-0.3473396
0.3520966,1.224343,-0.3507156
0.3492546,1.226977,-0.3476563
0.3470764,1.228107,-0.3454247
0.3440456,1.224782,-0.3433685
0.3409958,1.219334,-0.3381577
0.3382225,1.21707,-0.3340492
0.3372478,1.21876,-0.333519
0.3392563,1.229625,-0.3285904
0.3420868,1.23783,-0.3234253
0.3451767,1.24641,-0.3194656
0.349865,1.25684,-0.3141556
0.3502216,1.261939,-0.2984962
0.3480072,1.259112,-0.2847443
0.3485451,1.256833,-0.2746696
0.3472424,1.259513,-0.2632751
0.3460846,1.265293,-0.2475891
0.3412514,1.268833,-0.227623
0.3361015,1.266187,-0.2107086
0.3322449,1.264265,-0.1943283
0.3320942,1.262453,-0.1844254
0.3315125,1.269831,-0.1773186
0.3300991,1.274854,-0.1677856
0.3294811,1.275559,-0.152874
0.3286591,1.277407,-0.129776
0.328661,1.281612,-0.1202812
0.3285732,1.285459,-0.1096611
0.3272228,1.287168,-0.09469223
0.3254948,1.290215,-0.08364868
0.3249779,1.294466,-0.07206345
0.3261013,1.296083,-0.06562424
0.3479233,1.301202,-0.05551529
0.3428764,1.295609,-0.04795837
0.3281078,1.288671,-0.01840973
0.3235989,1.286797,0.005374908
0.3181801,1.285726,0.02316284
0.3102493,1.287203,0.06233978
0.3103046,1.290369,0.07678604
0.3084602,1.291706,0.08789825
0.299942,1.290834,0.09656906
0.3002472,1.28779,0.1087723
0.2967644,1.290561,0.1177216
0.2936172,1.292131,0.1226654
0.2919846,1.293695,0.1286087
0.2898312,1.295817,0.13311
0.2875862,1.296779,0.1371231
0.2857857,1.297412,0.1401215
0.2795601,1.30585,0.1541443
0.2781811,1.308982,0.1584435
0.2753906,1.312387,0.1628609
0.2746162,1.312621,0.1675262
0.2739315,1.312687,0.1717644
0.2746334,1.312258,0.1756058
0.2737312,1.314362,0.1784782
0.2740402,1.315438,0.179657
0.2707672,1.316405,0.1810112
0.2675228,1.314963,0.1829491
0.2627068,1.309949,0.1886101
0.2611408,1.31005,0.1904564
0.2582359,1.309755,0.1922264
0.2553635,1.309873,0.194519
0.2538071,1.305339,0.1964569
0.2509003,1.301881,0.1983376
0.2496758,1.299562,0.1972237
0.2473087,1.300486,0.1976852
0.2440605,1.301101,0.1935081
0.2378769,1.304747,0.1937103
0.2315521,1.305726,0.1928215
0.2288799,1.300777,0.188488
0.2214546,1.29646,0.180233
0.2201767,1.303231,0.1723633
0.218483,1.307448,0.1661491
0.2136593,1.305245,0.1687469
0.2133789,1.298509,0.1663437
0.2136135,1.297636,0.1496353
0.214201,1.303023,0.1469383
0.2119446,1.298668,0.1428947
0.2116089,1.295347,0.1405563
0.2085953,1.287264,0.1352119
0.2043266,1.273443,0.1341858
0.2000561,1.254799,0.1304932
0.1932697,1.234235,0.1117706
0.1839085,1.236289,0.09183884
0.1827908,1.234399,0.07368469
0.1840134,1.233776,0.06224823
0.1844482,1.233863,0.0488739
0.1837349,1.237568,0.03702545
0.1815853,1.237624,0.02718735
0.1801853,1.230863,0.01480103
0.1762676,1.225608,0.005069733
0.1724682,1.221069,-0.003940582
0.1690598,1.219973,-0.0182991
0.1650581,1.217419,-0.02569962
0.1613712,1.214869,-0.03250885
0.1597233,1.210999,-0.03479385
0.1574459,1.207203,-0.03648376
0.1538372,1.205434,-0.04564285
0.1538048,1.2075,-0.04521561
0.1515713,1.204196,-0.04804993
0.1464977,1.199303,-0.04627991
0.1446095,1.19505,-0.05414963
0.1410751,1.196634,-0.0547905
0.1315804,1.198106,-0.06105804
0.1264,1.20043,-0.0616951
0.1210022,1.202767,-0.06192017
0.1171188,1.203545,-0.06443024
0.1184616,1.200735,-0.06747055
0.1161537,1.196195,-0.06052399
0.1068478,1.184194,-0.05438614
0.100256,1.172058,-0.05369568
0.09783173,1.171788,-0.05815887
0.09345436,1.173469,-0.05729294
0.09061241,1.170983,-0.05720139
0.07180977,1.182888,-0.06216812
0.0650444,1.187292,-0.06421661
0.06085396,1.190204,-0.06509018
0.05754089,1.191601,-0.06644821
0.0524044,1.190059,-0.06492996
0.04587364,1.187521,-0.0651474
0.04085159,1.185492,-0.06868362
0.03629112,1.188065,-0.06864548
0.03421402,1.187353,-0.06773758
0.02930832,1.185996,-0.06800079
0.02484131,1.180851,-0.0688858
0.02316666,1.18015,-0.06489182
0.02090073,1.17334,-0.05958939
0.0216732,1.17634,-0.05901718
0.02204323,1.17915,-0.05871964
0.02132416,1.180665,-0.05714035
0.02012634,1.179453,-0.05252838
0.02183533,1.179111,-0.04938126
0.02342415,1.17635,-0.04515839
0.02488899,1.17761,-0.04269791
0.02848244,1.177362,-0.03871155
0.03191757,1.179874,-0.03420258
0.03197289,1.180587,-0.03039169
0.03164482,1.181069,-0.02658844
0.03155136,1.183967,-0.01724243
0.03915977,1.193669,-0.01020813
0.04619026,1.201702,-0.003383636
0.04585266,1.194659,0.002826691
0.04763985,1.199156,0.004638672
0.0539608,1.211112,0.003997803
0.06010818,1.220643,0.01034546
0.06116676,1.224105,0.01852798
0.06196213,1.224776,0.02007294
0.06575394,1.23412,0.01901627
0.06562614,1.23884,0.01975632
0.06376457,1.23305,0.0238266
0.06516647,1.231064,0.01898956
0.0664444,1.228892,0.01459122
0.06735802,1.230075,0.01094818
0.06901932,1.232084,0.002902985
0.0697155,1.231981,-0.001815796
0.07064629,1.227638,-0.005619049
0.07774734,1.221143,-0.01374054
0.08446693,1.220654,-0.01765823
0.0925827,1.226283,-0.02380371
0.1008739,1.227707,-0.02996445
0.1042538,1.22229,-0.02289581
0.1111088,1.210154,-0.03420258
0.118454,1.21138,-0.0353241
0.1246719,1.2125,-0.0356636
0.1287079,1.206049,-0.03313828
0.1340847,1.202955,-0.03806305
0.1418228,1.203509,-0.03925323
0.1458435,1.194477,-0.03279114
0.1424904,1.177324,-0.02997971
0.1427212,1.169076,-0.02950668
0.1441021,1.164696,-0.03245926
0.1418648,1.163965,-0.03318787
0.1330395,1.170908,-0.03734207
0.134573,1.178728,-0.03957748
0.1362705,1.188197,-0.04217529
0.1373062,1.191014,-0.03886414
0.1373882,1.190656,-0.03995895
0.1402264,1.192164,-0.04130554
0.1415615,1.189944,-0.03812027
0.142416,1.185998,-0.04031754
0.1461315,1.186232,-0.04047775
0.1539345,1.195407,-0.0451088
0.1588173,1.207329,-0.04701233
0.1609421,1.213081,-0.04339981
0.1593342,1.215456,-0.03717041
0.1602898,1.221392,-0.03665924
0.1602898,1.221392,-0.03665924
0.1602898,1.221392,-0.03665924
0.1602898,1.221392,-0.03665924
0.1602898,1.221392,-0.03665924
0.1602898,1.221392,-0.03665924
0.1602898,1.221392,-0.03665924
0.1602898,1.221392,-0.03665924
0.1602898,1.221392,-0.03665924
0.1602898,1.221392,-0.03665924
0.1602898,1.221392,-0.03665924
0.1602898,1.221392,-0.03665924
0.1602898,1.221392,-0.03665924
0.1602898,1.221392,-0.03665924
0.1602898,1.221392,-0.03665924
0.1602898,1.221392,-0.03665924
0.1602898,1.221392,-0.03665924
0.1602898,1.221392,-0.03665924
0.2015686,1.283174,0.07377625
0.2039146,1.290063,0.08900452
0.2044239,1.295791,0.1089859
0.2014065,1.300129,0.1336861
0.192688,1.311249,0.1760826
0.1814308,1.306255,0.2264366
0.1561508,1.301173,0.2761269
0.1436806,1.286536,0.2947197
0.1364079,1.278317,0.3095131
0.1323395,1.275059,0.321907
0.126915,1.280841,0.3361702
0.1157818,1.286344,0.3483734
0.09918785,1.296145,0.365406
0.09216499,1.296828,0.3687325
0.09098434,1.298169,0.3667755
0.0872364,1.301058,0.3658218
0.08728027,1.302839,0.368351
0.08465958,1.306,0.3692284
0.08627892,1.309265,0.3645706
0.09269905,1.316929,0.3585205
0.09281921,1.323103,0.3581963
0.09270096,1.328175,0.3600426
0.09280205,1.331494,0.3576431
0.09527016,1.335232,0.3559418
0.09802246,1.338049,0.3547516
0.09817505,1.340185,0.3516655
0.09831429,1.338737,0.347496
0.09833527,1.340448,0.3479004
0.09702301,1.341398,0.3462677
0.09462929,1.341448,0.3445091
0.09307861,1.342374,0.3465919
0.09244919,1.340615,0.344326
0.09078598,1.340226,0.3480797
0.09019852,1.339862,0.3520584
0.09002304,1.3374,0.3501396
0.0873127,1.338442,0.3537407
0.08670044,1.340748,0.3585167
0.08819389,1.339805,0.3593102
0.08776665,1.339368,0.3607483
0.08772469,1.340039,0.361702
0.09020996,1.351239,0.3646698
0.08959579,1.35148,0.3690338
0.08892632,1.352057,0.3650627
0.08814049,1.358063,0.3624458
0.08872795,1.361322,0.3643799
0.0879631,1.363915,0.368145
0.0879879,1.364931,0.3709946
0.0878849,1.364778,0.3706551
0.089674,1.363842,0.3689651
0.08948708,1.360372,0.366848
0.090271,1.358051,0.3685799
0.09037971,1.355832,0.3665161
0.09012032,1.354965,0.3640785
0.09004784,1.354571,0.3641205
0.09105492,1.35334,0.3647919
0.08950424,1.352533,0.3584557
0.09014702,1.353266,0.3572884
0.09157372,1.354795,0.3561325
0.09147644,1.356108,0.3569832
0.09115028,1.355208,0.353157
0.090662,1.356465,0.3489723
0.09059334,1.357903,0.3475838
0.0905304,1.358979,0.3467255
0.09153175,1.365292,0.3442307
0.09300995,1.367998,0.3409958
0.09244919,1.36807,0.3372154
0.09755325,1.373938,0.3191223
0.1001282,1.376328,0.3125839
0.1016922,1.377364,0.3088188
0.1039085,1.37746,0.3031349
0.1069183,1.379516,0.2956657
0.108696,1.380904,0.2914162
0.1097813,1.381507,0.2873497
0.1114368,1.381797,0.2824821
0.1123428,1.382125,0.2762489
0.1119709,1.382816,0.2720871
0.1138725,1.383647,0.2692795
0.1147022,1.38685,0.2619705
0.1151047,1.387035,0.2582016
0.1155281,1.387334,0.2543488
0.1161671,1.387018,0.2499275
0.1164761,1.388881,0.244339
0.1174717,1.389778,0.2395172
0.1162262,1.390111,0.2344284
0.116272,1.390037,0.227417
0.1171284,1.391276,0.2214241
0.117836,1.391747,0.2152748
0.1178761,1.393016,0.206562
0.1195641,1.396952,0.1917038
0.1219387,1.396844,0.1847992
0.1235695,1.395899,0.1799431
0.1254826,1.393768,0.1733627
0.1274738,1.3937,0.1666756
0.1293755,1.392949,0.1575241
0.1298428,1.394157,0.1502609
0.1294346,1.395716,0.1428909
0.1296158,1.396467,0.1343689
0.1302204,1.396095,0.1271019
0.1317787,1.395715,0.1176758
0.1333046,1.395623,0.1074905
0.1321373,1.401467,0.08752441
0.1336498,1.39927,0.07912827
0.1352291,1.396336,0.06945801
0.1377506,1.395684,0.05398178
0.1388092,1.396847,0.04449463
0.1369324,1.395586,0.03686523
0.1368256,1.391895,0.02738953
0.1376266,1.385394,0.01594543
0.1398163,1.379703,0.00246048
0.1442833,1.377654,-0.01185226
0.1480503,1.378652,-0.02565002
0.1503868,1.378377,-0.03766632
0.1544533,1.371322,-0.06283188
0.1585655,1.367149,-0.0803566
0.1630898,1.364694,-0.0987854
0.1705742,1.36264,-0.122467
0.1760578,1.360776,-0.1385231
0.1798306,1.35657,-0.1599579
0.1833973,1.35202,-0.185154
0.1892223,1.351233,-0.2036819
0.1955471,1.345108,-0.2184563
0.1958656,1.332538,-0.2334099
0.1873646,1.322791,-0.2489319
0.1858273,1.3195,-0.2596054
0.1856441,1.327108,-0.2706528
0.186594,1.333671,-0.2744751
0.1876335,1.336833,-0.2746925
0.1867104,1.334808,-0.2699547
0.1851215,1.336577,-0.2699013
0.1840668,1.345448,-0.2662468
0.1877022,1.35233,-0.2576332
0.1913586,1.350636,-0.2436829
0.1903591,1.341948,-0.2294693
0.190239,1.328834,-0.2166977
0.1883793,1.323338,-0.20784
0.1815128,1.322724,-0.2005043
0.1725101,1.331634,-0.187912
0.1686115,1.337249,-0.178196
0.1637478,1.341329,-0.164978
0.1573753,1.343725,-0.1478882
0.1526299,1.347577,-0.1365166
0.1475544,1.358959,-0.1240654
0.1432686,1.370043,-0.1077843
0.1384678,1.379063,-0.09029388
0.1345806,1.380824,-0.07399368
0.130415,1.383227,-0.05828857
0.1252708,1.386914,-0.04207611
0.1197853,1.389372,-0.0220871
0.1139507,1.393241,-0.004264832
0.106411,1.395369,0.01620102
0.1022301,1.396087,0.03174973
0.0966301,1.395368,0.04919434
0.0912323,1.396003,0.06197357
0.08387566,1.397119,0.07681274
0.07676506,1.398009,0.09282684
0.06964302,1.396003,0.110424
0.06377792,1.391325,0.1251717
0.05880547,1.388242,0.1413803
0.05373764,1.386849,0.1548424
0.04739189,1.385118,0.1697655
0.04203796,1.382467,0.187397
0.03654861,1.381027,0.2023239
0.02409935,1.375427,0.2351799
0.02044106,1.372503,0.2483635
0.01670265,1.368738,0.2617569
0.01117134,1.365472,0.2765388
0.006160736,1.363772,0.2896194
-3.05E-05,1.365687,0.2995682
-0.006576538,1.370008,0.3078232
-0.01387787,1.373067,0.3163986
-0.01910591,1.377222,0.3256912
-0.02348709,1.379385,0.3247414
-0.02814293,1.38074,0.3293266
-0.03386688,1.380676,0.3313904
